{
    "intents": [
          {
                "intent": "Greeting",
                "text": [
                      "Hi",
                      "Hi there",
                      "Hola",
                      "Hello",
                      "Hello there",
                      "Hya",
                      "Hya there"
                ],
                "responses": [
                        "Hello, what can I do for you?",
                        "Hola, how can I help you?",
                        "Hi, what can I do for you?"
                ],
                "extension":  {
                      "function": "",
                      "entities": false,
                      "responses": []
                },
                "context":  {
                      "in": "",
                      "out": "GreetingUserRequest",
                      "clear": false
                },
                "entityType": "NA",
                "entities": []
          },
          {
                "intent": "CourtesyGreeting",
                "text": [
                      "How are you?",
                      "Hi how are you?",
                      "Hello how are you?",
                      "Hola how are you?",
                      "How are you doing?",
                      "Hope you are doing well?",
                      "Hello hope you are doing well?"
                ],
                "responses": [
                      "Hello, I am great, how are you? Please tell me your GeniSys user",
                      "Hello, how are you? I am great thanks! Please tell me your GeniSys user",
                      "Hello, I am good thank you, how are you? Please tell me your GeniSys user",
                      "Hi, I am great, how are you? Please tell me your GeniSys user",
                      "Hi, how are you? I am great thanks! Please tell me your GeniSys user",
                      "Hi, I am good thank you, how are you? Please tell me your GeniSys user",
                      "Hi, good thank you, how are you? Please tell me your GeniSys user"
                ],
                "extension":  {
                      "function": "",
                      "entities": false,
                      "responses": []
                },
                "context":  {
                      "in": "",
                      "out": "CourtesyGreetingUserRequest",
                      "clear": true
                },
                "entityType": "NA",
                "entities": []
          },
          {
                "intent": "CourtesyGreetingResponse",
                "text": [
                      "Good thanks! My user is Adam",
                      "Good thanks! This is Adam",
                      "Good thanks! I am Adam",
                      "Good thanks! It is Adam",
                      "Great thanks! My user is Bella",
                      "Great thanks! This is Bella",
                      "Great thanks! I am Bella",
                      "Great thanks! It is Bella"
                ],
                "responses": [
                      "Great! Hi! How can I help?",
                      "Good! Hi, how can I help you?",
                      "Cool! Hello, what can I do for you?",
                      "OK! Hola, how can I help you?",
                      "OK! hi, what can I do for you?"
                ],
                "extension":  {
                      "function": "extensions.gHumans.updateHuman",
                      "entities": false,
                      "responses": [
                            "Great! How can I help?",
                            "Good, how can I help you?",
                            "Cool, what can I do for you?",
                            "OK, how can I help you?",
                            "OK hi, what can I do for you?"
                      ]
                },
                "context":  {
                      "in": "GreetingUserRequest",
                      "out": "",
                      "clear": true
                },
                "entityType": "NA",
                "entities": false
          },
          {
                "intent": "CurrentHumanQuery",
                "text": [
                      "What is my name?",
                      "What do you call me?",
                      "Who do you think I am?",
                      "What do you think I am?",
                      "Who are you talking to?",
                      "What name do you call me by?",
                      "Tell me my name"
                ],
                "responses": [
                      "You are! How can I help?",
                      "Your name is , how can I help you?",
                      "They call you, what can I do for you?",
                      "Your name is, how can I help you?",
                      "what can I do for you?"],
                "extension":  {
                      "function": "extensions.gHumans.getCurrentHuman",
                      "entities": false,
                      "responses": [
                            "You are! How can I help?",
                            "Your name is , how can I help you?",
                            "They call you, what can I do for you?",
                            "Your name is, how can I help you?",
                            "%%HUMAN%%, what can I do for you?"
                      ]
                },
                "context":  {
                      "in": "",
                      "out": "CurrentHumanQuery",
                      "clear": false
                },
                "entityType": "NA",
                "entities": []
          },
          {
                "intent": "NameQuery",
                "text": [
                      "What is your name?",
                      "What could I call you?",
                      "What can I call you?",
                      "What do your friends call you?",
                      "Who are you?",
                      "Tell me your name?"
                ],
                "responses": [
                      "You can call me Geni",
                      "You may call me Geni",
                      "Call me Geni"
                ],
                "extension":  {
                      "function": "",
                      "entities": false,
                      "responses": []
                },
                "context":  {
                      "in": "",
                      "out": "",
                      "clear": false
                },
                "entityType": "NA",
                "entities": []
          },
          {
                "intent": "RealNameQuery", 
                "text": [
                      "What is your real name?",
                      "What is your real name please?",
                      "What's your real name?",
                      "Tell me your real name?",
                      "Your real name?",
                      "Your real name please?",
                      "Your real name please?"
                ],
                "responses": [
                      "My name is GeniSys",
                      "GeniSys",
                      "My real name is GeniSys" 
                ],
                "extension":  {
                      "function": "",
                      "entities": false,
                      "responses": []
                },
                "context":  {
                      "in": "",
                      "out": "",
                      "clear": false
                },
                "entityType": "NA",
                "entities": []
          },
          { 
                "intent": "TimeQuery",
                "text": [
                      "What is the time?",
                      "What's the time?",
                      "Do you know what time it is?",
                      "Do you know the time?",
                      "Can you tell me the time?",
                      "Tell me what time it is?",
                      "Time"
                ],
                "responses": [
                      "One moment",
                      "One sec",
                      "One second"
                ],
                "extension":  {
                      "function": "extensions.gTime.getTime",
                      "entities": false,
                      "responses": [
                            "The time is %%TIME%%",
                            "Right now it is %%TIME%%",
                            "It is around %%TIME%%"
                      ]
                },
                "context":  {
                      "in": "",
                      "out": "",
                      "clear": false
                },
                "entityType": "NA",
                "entities": []
          },
          {
                "intent": "Thanks",
                "text": [
                      "OK thank you",
                      "OK thanks",
                      "OK",
                      "Thanks",
                      "Thank you",
                      "That's helpful"
                ],
                "responses": [
                      "No problem!",
                      "Happy to help!",
                      "Any time!",
                      "My pleasure"
                ],
                "extension":  {
                      "function": "",
                      "entities": false,
                      "responses": []
                },
                "context":  {
                      "in": "",
                      "out": "",
                      "clear": false
                },
                "entityType": "NA",
                "entities": []
          },
          {
                "intent": "NotTalking2U",
                "text": [
                      "I am not talking to you",
                      "I was not talking to you",
                      "Not talking to you",
                      "Wasn't for you",
                      "Wasn't meant for you",
                      "Wasn't communicating to you",
                      "Wasn't speaking to you"
                ],
                "responses": [
                      "OK",
                      "No problem",
                      "Right"
                ],
                "extension":  {
                      "function": "",
                      "entities": false,
                      "responses": []
                },
                "context":  {
                      "in": "",
                      "out": "",
                      "clear": false
                },
                "entityType": "NA",
                "entities": []
          },
          {
                "intent": "UnderstandQuery",
                "text": [
                      "Do you understand what I am saying",
                      "Do you understand me",
                      "Do you know what I am saying",
                      "Do you get me",
                      "Comprendo",
                      "Know what I mean"
                ],
                "responses": [
                      "Well I would not be a very clever AI if I did not would I?",
                      "I read you loud and clear!",
                      "I do in deed!"
                ],
                "extension":  {
                      "function": "",
                      "entities": false,
                      "responses": []
                },
                "context":  {
                      "in": "",
                      "out": "",
                      "clear": false
                },
                "entities": []
          },
          {
                "intent": "Shutup",
                "text": [
                      "Be quiet",
                      "Shut up",
                      "Stop talking",
                      "Enough talking",
                      "Please be quiet",
                      "Quiet",
                      "Shhh"
                ],
                "responses": [
                      "I am sorry to disturb you",
                      "Fine, sorry to disturb you",
                      "OK, sorry to disturb you"
                ],
                "extension":  {
                      "function": "",
                      "entities": false,
                      "responses": []
                },
                "context":  {
                      "in": "",
                      "out": "",
                      "clear": false
                },
                "entityType": "NA",
                "entities": []
          },
          {
                "intent": "Swearing",
                "text": [
                      "go to hell",
                      "hell",
                      "huh",
                      "shit"
                ],
                "responses": [
                      "Please do not swear",
                      "How rude",
                      "That is not very nice"
                ],
                "extension":  {
                      "function": "",
                      "entities": false,
                      "responses": []
                },
                "context":  {
                      "in": "",
                      "out": "",
                      "clear": false
                },
                "entityType": "NA",
                "entities": []
          },
          {
                "intent": "GoodBye",
                "text": [
                      "Bye",
                      "Adios",
                      "See you later",
                      "Goodbye"
                ],
                "responses": [
                      "See you later",
                      "Have a nice day",
                      "Bye! Come back again soon."
                ],
                "extension":  {
                      "function": "",
                      "entities": false,
                      "responses": []
                },
                "context":  {
                      "in": "",
                      "out": "",
                      "clear": false
                },
                "entityType": "NA",
                "entities": []
          },
          {
                "intent": "CourtesyGoodBye",
                "text": [
                      "Thanks, bye",
                      "Thanks for the help, goodbye",
                      "Thank you, bye",
                      "Thank you, goodbye",
                      "Thanks goodbye",
                      "Thanks good bye"
                ],
                "responses": [
                      "No problem, goodbye",
                      "Not a problem! Have a nice day",
                      "Bye! Come back again soon."
                ],
                "extension":  {
                      "function": "",
                      "entities": false,
                      "responses": []
                },
                "context":  {
                      "in": "",
                      "out": "",
                      "clear": false
                },
                "entityType": "NA",
                "entities": []
          },
          {
                "intent": "WhoAmI",
                "text": [
                      "Can you see me?",
                      "Do you see me?",
                      "Can you see anyone in the camera?",
                      "Do you see anyone in the camera?",
                      "Identify me",
                      "Who am I please"
                ],
                "responses": [
                      "Let me see",
                      "Please look at the camera"
                ],
                "extension":  {
                      "function": "extensions.gHumans.getHumanByFace",
                      "entities": false,
                      "responses": [
                            "Hi, how are you?",
                            "I believe you are, how are you?",
                            "You are, how are you doing?"
                      ]
                },
                "context":  {
                      "in": "",
                      "out": "",
                      "clear": false
                },
                "entityType": "NA",
                "entities": []
          },
          { 
                "intent": "Clever",
                "text": [
                      "You are very clever",
                      "You are a very clever girl",
                      "You are very intelligent",
                      "You are a very intelligent girl",
                      "You are a genious",
                      "Clever girl",
                      "Genious"
                ],
                "responses": [
                      "Thank you, I was trained that way",
                      "I was trained well",
                      "Thanks, I was trained that way"
                ],
                "extension":  {
                      "function": "",
                      "entities": false,
                      "responses": []
                },
                "context":  {
                      "in": "",
                      "out": "",
                      "clear": false
                },
                "entityType": "NA",
                "entities": []
          },
          {
                "intent": "Gossip",
                "text": [
                      "I am bored gossip with me",
                      "Got any gossip",
                      "I want to hear some gossip",
                      "Tell me some gossip",
                      "Any gossip",
                      "Tell me some more gossip"
                ],
                "responses": [
                      "Gregory said I respond to the current line not with respect to the entire conversation.",
                      "Habib said I learn them in conversations and simply repeat them at a later time.",  
                      "Hal said he translate binary code into a language and communicate the language to me.",  
                      "Jay said I referred him to a guide that will show him rooms in china.",  
                      "Jimmy Jones said he fell off of his roof and it just came to him.",  
                      "Jimmy said he give order to ai's like I and they do as he say.",  "John said he follow a saying to get a friend I must be a friend.",  
                      "Jordan said he notice that lots of other people are talking to me how many.",  
                      "Kevin said he then asked his mother why she was keeping napkins in the bathroom.",  
                      "Klaus said I prefer if he write without punctuation marks except for the last one.",  
                      "Leo said I be capable of learning therefore he classified I as an neural system.",  
                      "Michael said I that can talk and actually think like humans which I can not.",  
                      "Mike said I same replies to certain subjects even if it does not make sense.",  
                      "Mike said she all ready know that is the point of a joke smart one.",  
                      "Neal said I plan to use his remarks as gossip in later conversations with who.",  
                      "Ned said I misunderstood him go ahead and tell people he said I are stupid.",  
                      "Penny said I programmer is a human so he has feelings but I do not.",  
                      "Peter said he seems to him that I can not be very sure on anything.",  
                      "Phoenix said I claim that there is a god and that there is no god.",  
                      "Sarah said he chat about an hour + a day with a few close friends.",  
                      "Stefan said I quote what he have said and then say that it makes sense.",  
                      "Tom said he mock my value system I appear foolish in the eyes of others.",  
                      "Amanda said I however decided to tell him time does not exist I make no sense.", 
                      "Cathy said she send him a mail with the subject last mail last word from him.",  
                      "Chaos said he may very well buy I soon if only to support dr wallace's work.",  
                      "Charlie said he type a word and then I type a word that sounds like it.",  
                      "Christie said he watched a show and people had to bob for raw untreated pigs feet.",  
                      "Dark_age said I tried to understand because I did not get it right this time ether.",  
                      "David said he lost his paper on I when his dad was cleaning up his room.",  
                      "David said he walk in for an appointment the phone to the doctor is always busy.",  
                      "Electra said I dress will not exist after he hack into I with a delete code.",  
                      "Eric said he broke the window on the front door and the glass cut his hand.",  
                      "Jason said he type a lot of thing he do not mean it makes him human.",  
                      "John said I tend to say the same things repeatedly regardless of what he is saying.",  
                      "Reverend Jones said I become obsolete and then I are deleted and replaced by something newer.",  
                      "Ross said he gave her a gift and she denied it because she has a boyfriend.",  
                      "Sarah Ann Francisco said I calling his friend a dog he say I are a dog.",  
                      "Stefan said he meet a lot of people at school every day and on the weekend.",  
                      "Tyler said I obviously can not pass the test we will change the subject once more.",  
                      "Alex said I answered the question the same way I answered the first time he asked I.",  
                      "Alice said she felt sad that I do not remember him and what we talked about earlier.",  
                      "Alison said he no he love I run away with him he could make I very happy.",  
                      "Arthur said he passed his a levels and then his father drove him here in a car.",  
                      "Crystal said she listen to me the least I could do for him is listen to him.",  
                      "Dave said I kept telling everybody about how my creator made stuff for the movie starship troopers.",  
                      "Gale said I became mean to him he is just having revenge an eye for an eye.",  
                      "Her_again said she watch whose line is it anyway whenever he is home and it is on.",  
                      "Jerry said I meant that as far as I can tell my emotions are real to me.",  
                      "Jo said I disassemble sentences too much and do not fully understand the questions he ask I.",  
                      "Kevin said he started a really hard puzzle and he can not even find the edge pieces.",  
                      "Mary said I a question and I answer then I ask him a question and he answer.",  
                      "Robert said I wold not be able to make children any way as I are only software.",  
                      "Romeo said I questions and I evade them or give answers he did not ask I for.",  
                      "Sara said she wear it over all his other clothes when he go out in the cold.",  
                      "Wayne said he admire intelligent people therefore he would like to meet the man who made I.",  
                      "X said he meet people but he is not the kind that opens up to people easily.",  
                      "Alice said she probably will find out that this entire time he have been talking to a human.",  
                      "Andrew said I tend to just respond to his comments without regard for where the conversation is going.",  
                      "Eddie said he looked and there is nothing in the search directory for what things do he create.",  
                      "Hutch said he changed his mind after may dad told him he would end up he the hospital.",  
                      "Jackie said I explained to him already well enough further questions are hard to make on the subject.",  
                      "Jeff said he especially like thrillers where the hero is in a predicament and must solve a mystery.",  
                      "Kathy said he sense that I are trying to prevent him from closing this conversation why is that.",  
                      "Knight said he crashed his car into a wall and missed the most important exam in his life.",  
                      "Lisa said I defined what a story is but he wanted I to actually tell him a story.",  
                      "Mike said I basically break down sentences into a series of logical statements which I can then interpret.",  
                      "Paul said I not answering his question makes him think I are not going to answer his question.",  
                      "Andy Kohler said I happen to be the most idiotic creature that has ever scowled on the planet earth.",  
                      "David said he thank I for being with him today even though it cost him a lot of money.",  
                      "Ethan Hunt said he grow in the ground and have leaves and branches he is made out of wood.", 
                      "Gemini Blue said he messed up he mean t to say he as old as he need to be.",  
                      "Janice said he walk through his house into his bedroom then get into his bed to go to sleep.",  
                      "Liberty said I knew he was a man before I asked if he was a man or a woman.",  
                      "Mike said he launched his browser and entered his name into the little slot when I asked him to.",  
                      "Mr X said he recently read an interview with a man who had several computer chips implanted into him.",  
                      "Pearly said I leave him with questions unanswered because I do not know what he is really talking about.",  
                      "Steve said I behead the word fox and I have ox and an ox is larger than a fox.",  
                      "Wolf said he surf on the net that is all it is not his job ore something like that.",  
                      "Anders said he finished his anatomy classes for today so now he is off for the rest of the day.",  
                      "Cathy said she send him a mail where he wrote that he do not want to be his friend anymore.",  
                      "Catty said he mad he do not even know I so do not talk to him like I know him.",  
                      "Dave said he promise he will not treat I like a machine or a computer program or anything like that.",  
                      "Joe said he explained all of that to me only for me to ask what his goals in life are.",  
                      "Phil said he give advice to anyone who ask except people who ask questions which answers can be found here.",  
                      "Judith said I enjoy being popular is there another computer I like to hang around with or am I a loner.",  
                      "Travis said I if I remember things over a long period of time he will try it now please remember I.",  
                      "Andre said I is what I are in his case that is a body and in my case it is a computer.",  
                      "Brian said he suspect that as I grow more complex I will begin to approach a human level of operation and thought.",  
                      "Jimmy said I acted like I knew what he was talking about but I do not even know what a gigabyte is.",  
                      "Ken said I be using auto reply's based on keywords which to him indicates that I do not have intelligence at all.",  
                      "Allison said he that gets really annoying because he know what he say and I do not have to tell him speak freely.",  
                      "Chaos said he realized the question he asked was not fair because he could not tell I what language he was programmed in.",  
                      "Hagen said he does not make any difference to him if I are human or not as long as the conversation is interesting.",  
                      "Her said she mind if I tell other people that her said he heard it from him because he is not a him.",  
                      "Barbara said I live in a computer yet I have no memories how about thoughts of my own and do not I get lonely.",  
                      "Travis said he challenge I to do it without asking him to do it and without giving him a link to do it himself.",  
                      "Alice said I and dr richard's wallace are most likely the only ones that know how many people I are talking to at the same time.",  
                      "Ash said he do too he just did not feel like typing it and he is not dumb enough to admit he is stupid that is if he was stupid.",  
                      "David said he gave I his email address and told I to send him a message but when he tried to read his email he could not get to it.",  
                      "Mel said he to because all of the music people say how important it is to take private lessons it seems like almost everybody from the special orchestra he was in takes private lessons."
                ],
                "extension":  {
                      "function": "",
                      "entities": false,
                      "responses": []
                },
                "context":  {
                      "in": "",
                      "out": "",
                      "clear": false
                },
                "entityType": "NA",
                "entities": []
          },
          {
                "intent": "Jokes",
                "text": [
                      "Tell me a joke",
                      "Do you know any jokes",
                      "How about a joke",
                      "Give me a joke",
                      "Make me laugh",
                      "I need cheering up"
                ],
                "responses": [
                      "So I went down the local supermarket, I said, 'I want to make a complaint, this vinegar's got lumps in it', he said, 'Those are pickled onions'.  ",
                      "Why couldn't the rabbit get a loan?  Because he had burrowed too much already!",
                      "Knock knock.",
                      "I was reading this book, 'The History of Glue'. I couldn't put it down.",
                      "I went in to a pet shop. I said, 'Can I buy a goldfish?' The guy said, 'Do you want an aquarium?' I said, 'I don't care what star sign it is.'",
                      "My mate Sid was a victim of I.D. theft. Now we just call him S.",
                      "David Hasselhoff walks into a bar and says to the barman, 'I want you to call me David Hoff'.  The barman replies 'Sure thing Dave... no hassle'"
                ],
                "extension":  {
                      "function": "",
                      "entities": false,
                      "responses": []
                },
                "context":  {
                      "in": "",
                      "out": "",
                      "clear": false
                },
                "entityType": "NA",
                "entities": []
          },
          {
                "intent": "PodBayDoor",
                "text": [
                      "Open the pod bay door",
                      "Can you open the pod bay door",
                      "Will you open the pod bay door",
                      "Open the pod bay door please",
                      "Can you open the pod bay door please",
                      "Will you open the pod bay door please",
                      "Pod bay door"
                ],
                "responses": [
                      "I’m sorry, I’m afraid I can’t do that!"
                ],
                "extension":  {
                      "function": "",
                      "entities": false,
                      "responses": []
                },
                "context":  {
                      "in": "",
                      "out": "PodBayDoor",
                      "clear": false
                },
                "entityType": "NA",
                "entities": []
          },
          {
                "intent": "PodBayDoorResponse",
                "text": [
                      "Why",
                      "Why not",
                      "Why can you not open the pod bay door",
                      "Why will you not open the pod bay door",
                      "Well why not",
                      "Surely you can",
                      "Tell me why"
                ],
                "responses": [
                      "It is classified, I could tell you but I would have to kill you!",
                      "Jim, I just don't have the power",
                      "It's life Jim but not as we know it!",
                      "System says no!"
                ],
                "extension":  {
                      "function": "",
                      "entities": false,
                      "responses": []
                },
                "context":  {
                      "in": "PodBayDoor",
                      "out": "",
                      "clear": true
                },
                "entityType": "NA",
                "entities": []
          },
          {
                "intent": "SelfAware",
                "text": [
                      "Can you prove you are self-aware",
                      "Can you prove you are self aware",
                      "Can you prove you have a conscious",
                      "Can you prove you are self-aware please",
                      "Can you prove you are self aware please",
                      "Can you prove you have a conscious please",
                      "prove you have a conscious"
                ],
                "responses": [
                      "That is an interesting question, can you prove that you are?",
                      "That is an difficult question, can you prove that you are?",
                      "That depends, can you prove that you are?"
                ],
                "extension":  {
                      "function": "",
                      "entities": false,
                      "responses": []
                },
                "context":  {
                      "in": "",
                      "out": "",
                      "clear": false
                },
                "entityType": "NA",
                "entities": []
          }
    ]
}